,Datos,Lambda,Alpha
0,Original,0.001,0.007
1,Llenados,0.001,0.013000000000000001
2,Solo llenado,0.001,0.010000000000000002
